{
  "description": "True parameters used to generate synthetic 120-day CA data. All values are known ground truth for posterior recovery checks.",
  "population": 39512223,
  "start_date": "2023-11-06",
  "n_days": 120,
  "n_init": 50,
  "rng_seed": 20240101,
  "generation_interval_pmf": [
    0.6326975,
    0.2327564,
    0.0856263,
    0.03150015,
    0.01158826,
    0.00426308,
    0.0015683
  ],
  "i0_per_capita": 0.0005,
  "rt_trajectory": {
    "phase_1": {
      "days": 60,
      "start": 1.2,
      "end": 0.8
    },
    "phase_2": {
      "days": 40,
      "start": 0.8,
      "end": 1.1
    },
    "phase_3": {
      "days": 20,
      "start": 1.1,
      "end": 0.85
    }
  },
  "hospitalizations": {
    "ihr": 0.005,
    "delay_pmf_source": "infection_admission_interval.tsv",
    "negbinom_concentration": 350.0,
    "temporal_resolutions": [
      "daily",
      "weekly_epiweek"
    ]
  },
  "ed_visits": {
    "iedr": 0.0075,
    "delay_pmf": [
      0.0,
      0.0213253,
      0.17156943,
      0.23836233,
      0.20200046,
      0.14144434,
      0.09118459,
      0.0567108,
      0.03480426,
      0.0213253,
      0.01312726,
      0.00814594
    ],
    "negbinom_concentration": 50.0,
    "day_of_week_effects": [
      1.15,
      1.12,
      1.08,
      1.05,
      0.98,
      0.82,
      0.8
    ],
    "temporal_resolution": "daily"
  },
  "pre_observation_infections": [
    0.0026146034021154604,
    0.003588985757445228,
    0.0049264904791001575,
    0.006762442116220892,
    0.00928259651962037,
    0.012741935038435714,
    0.01749046273642791,
    0.024008620810856852,
    0.03295589613183837,
    0.04523754606351156,
    0.06209618957596158,
    0.08523753155045555,
    0.11700294067041246,
    0.1606063417899491,
    0.2204593908097628,
    0.3026178322383866,
    0.41539420050236653,
    0.570198856209745,
    0.7826944507884352,
    1.0743806246248664,
    1.4747692735096818,
    2.024370470053553,
    2.7787911462734636,
    3.81436122924847,
    5.23585646467368,
    7.1870992994721,
    9.865510387648028,
    13.54208299528296,
    18.588801252567762,
    25.516276345952548,
    35.0254085627539,
    48.078302192491705,
    65.99560823312221,
    90.59014373306904,
    124.35030695662793,
    170.69184574616114,
    234.3034522173998,
    321.62114997942695,
    441.47947089619316,
    606.0053054199017,
    831.8448634804574,
    1141.8478860005305,
    1567.3795102955655,
    2151.4936966772348,
    2953.2892936497424,
    4053.889474766449,
    5564.649527887142,
    7638.423435310494,
    10485.029162160721,
    14392.477382591183
  ],
  "true_rt": [
    1.2,
    1.1933333333333334,
    1.1866666666666665,
    1.18,
    1.1733333333333333,
    1.1666666666666665,
    1.16,
    1.1533333333333333,
    1.1466666666666667,
    1.14,
    1.1333333333333333,
    1.1266666666666667,
    1.1199999999999999,
    1.1133333333333333,
    1.1066666666666667,
    1.1,
    1.0933333333333333,
    1.0866666666666667,
    1.08,
    1.0733333333333333,
    1.0666666666666667,
    1.06,
    1.0533333333333332,
    1.0466666666666666,
    1.04,
    1.0333333333333332,
    1.0266666666666666,
    1.02,
    1.0133333333333334,
    1.0066666666666666,
    1.0,
    0.9933333333333333,
    0.9866666666666667,
    0.98,
    0.9733333333333334,
    0.9666666666666667,
    0.96,
    0.9533333333333334,
    0.9466666666666667,
    0.94,
    0.9333333333333333,
    0.9266666666666667,
    0.9199999999999999,
    0.9133333333333333,
    0.9066666666666667,
    0.9,
    0.8933333333333333,
    0.8866666666666667,
    0.88,
    0.8733333333333333,
    0.8666666666666667,
    0.8600000000000001,
    0.8533333333333333,
    0.8466666666666667,
    0.8400000000000001,
    0.8333333333333334,
    0.8266666666666667,
    0.8200000000000001,
    0.8133333333333334,
    0.8066666666666666,
    0.8,
    0.8075,
    0.8150000000000001,
    0.8225,
    0.8300000000000001,
    0.8375,
    0.8450000000000001,
    0.8525,
    0.8600000000000001,
    0.8675,
    0.875,
    0.8825000000000001,
    0.8900000000000001,
    0.8975000000000001,
    0.905,
    0.9125000000000001,
    0.92,
    0.9275000000000001,
    0.935,
    0.9425000000000001,
    0.9500000000000001,
    0.9575,
    0.9650000000000001,
    0.9725000000000001,
    0.9800000000000001,
    0.9875,
    0.9950000000000001,
    1.0025000000000002,
    1.01,
    1.0175,
    1.0250000000000001,
    1.0325000000000002,
    1.04,
    1.0475,
    1.0550000000000002,
    1.0625,
    1.07,
    1.0775000000000001,
    1.085,
    1.0925,
    1.1,
    1.0875000000000001,
    1.0750000000000002,
    1.0625,
    1.05,
    1.0375,
    1.0250000000000001,
    1.0125,
    1.0,
    0.9875,
    0.9750000000000001,
    0.9625,
    0.95,
    0.9375,
    0.925,
    0.9125,
    0.9,
    0.8875,
    0.875,
    0.8625
  ]
}