{
  "metadata": {
    "geo_value": "CA",
    "disease": "COVID-19"
  },
  "signals": [
    {
      "name": "ed_visits",
      "ascertainment_rate": 0.0075,
      "signal_noise_sd": 0.0,
      "delay_pmf": [
        0.0,
        0.0213253,
        0.17156943,
        0.23836233,
        0.20200046,
        0.14144434,
        0.09118459,
        0.0567108,
        0.03480426,
        0.0213253,
        0.01312726,
        0.00814594
      ],
      "negbinom_concentration": 20.0
    },
    {
      "name": "hospitalizations",
      "ascertainment_rate": 0.0025,
      "signal_noise_sd": 0.0,
      "delay_pmf": [
        0,
        0.00469,
        0.01452,
        0.02786,
        0.04237,
        0.05581,
        0.06657,
        0.07379,
        0.07729,
        0.07737,
        0.07465,
        0.06988,
        0.06377,
        0.05696,
        0.04996,
        0.04315,
        0.03677,
        0.03097,
        0.02583,
        0.02135,
        0.01751,
        0.01427,
        0.01156,
        0.00931,
        0.00746,
        0.00596,
        0.00474,
        0.00375,
        0.00296,
        0.00233,
        0.00183,
        0.00143,
        0.00107,
        0.00077,
        0.00054,
        0.00036,
        0.00024,
        0.00015,
        0.00009,
        0.00005,
        0.00003,
        0.00002,
        0.00001
      ],
      "negbinom_concentration": 50.0
    }
  ]
}
